refid,unittitle,unitdate,container_type,container_label,extent,extent_desc,note_title,note_text,persname_1,persname_2,persname_3,persname_4
ref47,Untitled Thesis (Sohee Won),1992,Box,Moving Images (1992-ref47),1.0 object,One VHS in original box sleeve,,,"Won, Sohee",,,
ref49,Untitled Thesis (Kum Yean Park),1993,Box,Moving Images (1993-ref49),1.0 object,VHS cassette in original box sleeve,,,"Park, Kum Yean",,,
ref51,Medieval Spain,1994,Box,Moving Images (1994-ref51),1.0 object,VHS cassette in original box sleeve,,,"Canelos, Marlene","Wanchai, Mann",,
ref60,Marshall Street Life,1994,Box,Moving Images (1994-ref60),1.0 object,3/4 U-matic tape in orginal plastic box,,,"Nadler, Eric",,,
ref62,The Neighborhood Works,1994,Box,Moving Images (1994-ref62),1.0 object,3/4 Umatic Tape in orginal box,,,"Northrup, Dan",,,
ref57,VICAR: A Proposal for Personal Cryptography,1995,Box,Computer disks / tapes (1995-ref57),1.0 object,SyQuest 44MB Cartridge in Orginal Box Container,,,"Markowitz, Gary C",,,
ref64,Her American Dreams and More,1996,Box,Moving Images (1996-ref64),1.0 boxes,3/4 video tape in orginal plastic box,,,"Shen, Chian-Lieng",,,
ref54,Introducing Radio Free Monterey: Vignettes from an Online Life,2000,Box,Moving Images (2000-ref54),1.0 object,VHS cassette in original box sleeve,Spine Label,"Technosuit @ LSC orginal, Yorb original","Steinberg, Barbra",,,
ref100,Shallow People / Deep City,2006,Box,Computer disks / tapes (2006-ref100),1.0 object,One DVD-R in plastic jewel case,Case Jacket,"Series of video shorts with various titles, which comprise the thesis","Bergfeld, Lasse",,,
ref200,Nothing Sacred,2003,Box,Computer disks / tapes (2003-ref200),1.0 object,One DVD-R in plastic jewel case,,,"Rubinoff, Leba",,,
ref202,The Zipwire: An Alternative Approach to Internet Communication,2007,Box,Computer disks / tapes (2007-ref202),1.0 object,One DVD-R in plastic jewel case,,,"Kairalla, Christopher",,,
ref102,Mythos vs. Chronos,2004,Box,Computer disks / tapes (2004-ref102),2.0 objects,"One DVD+R, one DVD-R - both in  plastic jewel case",On disk,"disk 1 of 2, disk 2 of 2","Alkadhi, Ayad",,,
ref104,Mosaic Life,2001,Box,Computer disks / tapes (2001-ref104),1.0 object,One DVD in plastic jewel case,,,"Thongthai, Cathriya",,,
ref106,Expressive Media,2005,Box,Computer disks / tapes (2005-ref106),1.0 object,One DVD-R in plastic jewel case,Case Jacket,list of contents,"Borissov, Liubo",,,
ref300,Untitled Thesis (Stephen Schaum),2006,Box,Computer disks / tapes (2006-ref300),1.0 object,One CD in plastic jewel case,On disk, Thesis Documentation Videos ,"Schaum, Stephen",,,
ref302,Corpus Projecti,2006,Box,Computer disks / tapes (2006-ref302),1.0 object,One DVD-R in plastic jewel case,On disk,Performance Clip & Photos,"Sifuentes, Lian A.",,,
ref304,Integrative Moviemaking,2004,Box,Computer disks / tapes (2004-ref304),1.0 object,One DVD-R in plastic jewel case,On disk,"""Urges""","Vitale, Pamela",,,
ref306,Minnie’s Meise,2002,Box,Computer disks / tapes (2002-ref306),1.0 object,One DVD-R in plastic jewel case,,,"Cohen, Lisa",,,
ref308,The Window Seat: extending the ephemeral and precious moments of life,2004,Box,Computer disks / tapes (2004-ref308),1.0 object,One DVD-R in plastic jewel case,,,"Fang, Tsui-Hung",,,
ref310,Break The Frame: A comment on how technology is affecting humanity,2005,Box,Computer disks / tapes (2005-ref310),1.0 object,One DVD-R in plastic jewel case,,,"Hitchings, Jamie",,,
ref312,Diya,2006,Box,Computer Disks / tapes (2006-ref312),1.0 object,One DVD in plastic jewel case,On disk,Appendix A,"Israni, Aranka",,,
ref314,The Council on the Environment of New York City Web Site,1997,Box,Moving Images (1997-ref314),2.0 objects,"One VHS cassette in original box sleeve, one 31/2 inch floppy disk","On VHS Cassette, on floppy disk","VHS: CENYC 54 Chambers St, New York, NY 1007. 104-50-6866. Fred Duca (212) 827-2315, (516) 888-8176.  Floppy disk: CENYC Website (copy). 104-50-6866 also on: http://fargo.itp.tsoa.nyu.edu/~duca/CENYC/indext.htm","Duca, Fred",,,
ref316,Subway Guide to New York Sites,1991,Box,Moving Images (1991-ref316),1.0 object,One VHS Cassette in plastic case,"On VHS Cassette Case, on VHS cassette label","Interactive Subway Guide to NY Sights demo + sample segments from videodisc (approx. 9 min), Prototype of an Interactive Subway Guide to New York Sights demo voiceover by Craig Wollman","Lee, Georgina",,,
ref318,The Western Lands,1998,Box,Moving Images (1998-ref318),1.0 object,One VHS Cassette in original box sleeve,On VHS Cassette,Todd Hulin business card e: cth0769@is4.nyu.edu t: 212 529 3184,"Hulin, Todd",,,
ref320,Radio Free Monterey,2000,Box,Moving Images (2000-ref320),1.0 object,One VHS Cassette,On VHS cassette,Thesis Videotape/ITP for Dan O'Sullivan & Red Burns from Barbara Steinberg,"Steinberg, Barbra",,,
ref322,Cross-Platform Multimedia,1992,Box,Moving Images (1992-ref322),1.0 object,One VHS Cassette,On VHS cassette,,"Heller, Justin",,,
ref324,The Family Archive Project,1996,Box,Moving Images (1996-ref324),1.0 object,One VHS Cassette,,,"Tardiff, Melissa",,,
ref326,The Introductory Show and Tell Tutorial of HyperCard,1991,Box,Moving Images (1991-ref326),1.0 object,One VHS Cassette,On VHS cassette,thesis project demonstration,"Weiss, Bill",,,
ref328,well (distant recollections),2000,Box,Moving Images (2000-ref328),1.0 object,One VHS Cassette,On VHS cassette,,"Hara, Kiyoshi",,,
ref330,Gay Rights,1991,Box,Moving Images (1991-ref330),1.0 object,U-Matic cassette in original plastic box,On cassette,Master,"Smith, Adrienne",,,
ref332,The Nanzetta Legacy,1998,Box,Moving Images (1998-ref332,1.0 object,One VHS Cassette in original box sleeve,On cassette,"unprocessed footage from ""Nanzetta legacy""","Jefferson, Kristin",,,
ref334,The Rapture of a New Network: CyberNetworks- The Distribution Mode and Future Forms of Music,1992,Box,Moving Images (1992-ref334),1.0 object,One VHS Cassette in original box sleeve,On cassette,Silhouettes of Epiphanies. 15:00,"Russel, Kevin P.",,,
ref336,African-American Pride,1995,Box,Moving Images (1995-ref336),1.0 object,One VHS Cassette in original box sleeve,,,"Brown, Robert",,,
ref338,First Person,2002,Box,Moving Images (2002-ref338),1.0 object,One VHS Cassette in original box sleeve,,,"Harris-Cronin, Sasha",,,
ref340,Interactive Cookbook,1994,Box,Moving Images (1994-ref340),1.0 object,One VHS Cassette in original box sleeve,,,"Park, Gok-Nim",,,
ref342,Five,2000,Box,Moving Images (2000-ref342),1.0 object,One VHS Cassette in original box sleeve,,,"Inniss, Maxine",,,
ref344,Ecstasy is in the Wire (Nsinga a Mayenbu),2003,Box,Moving Images (2003-ref344),1.0 object,One VHS Cassette in original box sleeve,,,"Halsel, Michelle",,,
ref346,www.mydeadmother.com,2000,Box,Moving Images (2000-ref346),1.0 object,One VHS Cassette,On cassette,Techstalgia -2-,"Kain, Philip",,,
ref348,Valbum,2000,Box,Moving Images (2000-ref348),1.0 object,One VHS Cassette in original box sleeve,,,"Cha, Siyeon",,,
ref350,Whitney Vision,1995,Box,Moving Images (1995-ref350),1.0 object,One VHS Cassette in original box sleeve,On cassette,Video demo (15 minutes),"Glassman, Heath",,,
ref352,Persephone: a play for multi-media,1999,Box,Moving Images (1999-ref352),1.0 object,One VHS Cassette in original box sleeve,"On cassette spine, on cassette label","Fri night performance, P + Maria's footage","Cowen, Minda","Patek, Liz",,
ref354,8th Avenue Yenta,1998,Box,Moving Images (1998-ref354),1.0 object,One VHS Cassette in original box sleeve,On cassette spine,http://fargo.tip.tsoa.nyu.edu/~clifton/yenta,"Clifton, Gregg",,,
ref204,Lost Road Map,2003,Box,Computer disks / tapes (2003-ref204),1.0 object,One DVD-R in plastic jewel case,,,"Vlachos, Paul",,,
ref108,Unraveled/Recoiled,2005,Box,Computer disks / tapes (2005-ref108),5.0 objects,"3 CD-R, and 2 DVD-R discs all in plastic jewel cases",On disk,"CD1: Thesis, CD2: Thesis, CD3: Thesis Additional, DVD1: Thesis, DVD2: Thesis","Richard, Gabriela",,,
ref206,Desperately Seeking,2006,Box,Computer disks / tapes (2006-ref206),2.0 objects,Two DVD-Rs in plastic jewel case,,,"Manoussakis, Kleoni",,,
ref208,Temporary Tattoo,2003,Box,"Computer disks / tapes, USB Flash Drive (2003-ref208)",7.0 objects,"Four DVD-Rs in plastic jewel cases, Two CD-Rs in plastic jewel case, One USB Drive",Jewel case label,"DVD1 & DVD3: A Perfect Day in Bananafish, DVD4: ""Are We There Yet"" Temporary Tattoo","Papadopoulos, Despina",,,
ref110,The Story of Peachtaro,1996,Box,Moving Images (1996-ref110),1.0 objects,One VHS in original box sleeve,,,"Wang, Hsiao-Ling",,,
ref210,The Yoga Encyclopedia,2003,Box,Computer disks / tapes (2003-ref210),2.0 objects,Two DVD-Rs in plastic jewel case,Jewel case insert,"Interactive Yoga Reference Disk #1, Interactive Yoga Reference Disk #2","Kalra, Simrun",,,
ref212,Helmet Guy Zero,2005,Box,Computer disks / tapes (2005-ref212),1.0 object,One DVD-R in plastic jewel case,,,"Tsang, Donny",,,
ref214,FATTITUDES: An Interactive Documentary on Attitudes Toward Weight,1989,Box,Moving Images (1989-ref214),1.0 object,VHS cassette in original plastic box,,,"Cobetto, Lissa",,,
ref216,GLIS: The Gay & Lesbian Information System,1994,Box,Moving Images (1994-ref216),1.0 object,VHS cassette in original box sleeve,,,"Gwen Green, P.",,,
ref218,"Untitled Thesis (Munglioli, Lorraine)",1993,Box,Moving Images (1993-ref218),1.0 object,VHS cassette in original box sleeve,,,"Munglioli, Lorraine",,,
ref220,"Untitled Thesis (Ledbetter, Bruce)",1997,Box,Moving Images (1997-ref220),1.0 object,VHS cassette in original box sleeve,,,"Ledbetter, Bruce",,,
ref222,Pitch Green Dark,1998,Box,Moving Images (1998-ref222),1.0 object,VHS cassette in original box sleeve,,,"Lewis, Nancy",,,
ref224,Undercurrents: An Interactive Media Project,2000,Box,Moving Images (2000-ref224),1.0 object,VHS cassette in original box sleeve,Case Jacket,"Underwater video with music, MIDI triggering live visuals (Quicktime Movies & PICT files)","Kauste, (Anna) Veera ",,,
ref226,Passtime,1995,Box,Moving Images (1995-ref226),1.0 object,VHS cassette in original box sleeve,,,"Lobato, Elizabeth",,,
ref228,Seoul Tour Information,1993,Box,Moving Images (1993-ref228),1.0 object,VHS cassette in original box sleeve,,,"Kang, Yoon-Jung",,,
ref112,Drawing Machine,1999,Box,Moving Images (1999-ref112),1.0 object,VHS cassette in original box sleeve,,,"Moore, Jim",,,
ref230,Klurg's Intergalactic Travel Agency,1993,Box,Moving Images (1993-ref230),2.0 objects,"VHS cassette in original plastic box, 3.5"" floppy disk",Jacket notes,will not copy,"Schachter, Jordan",,,
ref114,Untitled Thesis (Edward Nothnagle),1992,Box,Moving Images (1992-ref114),1.0 object,VHS cassette in original plastic box,Box label,"lists name as ""Nothnagle Eveready""","Nothnagle, Edward",,,
ref232,The Richard Family Documentary,2001,Box,Moving Images (2001-ref232),1.0 object,VHS cassette in original plastic box,,,"Richard, Malonda",,,
ref234,Physical Indicators of Child Abuse: An Interactive Video,1987,Box,Moving Images (1987-ref234),2.0 object,2 VHS cassettes in original box sleeve,,,"Hoskins, Valerie",,,
ref236,"Untitled Thesis (Jungman, Erika)",2000,Box,Moving Images (2000-ref236),1.0 object,VHS cassette in original box sleeve,,,"Jungman, Erika",,,
ref116,Rakugo: Japanese Traditional Storytelling,1992,Box,Moving Images (1992-ref116),1.0 object,VHS cassette in original plastic sleeve,,,"Kanako, Kijima",,,
ref 238,People Link,1993,Box,Moving Images (1993-ref238),1.0 object,VHS cassette in original box sleeve,,,"Goldman, Andrew",,,
ref118,FreeThrow: A Virtual Basketball Shoot Around,1997,Box,Moving Images (1997-ref118),1.0 object,VHS cassette in original box sleeve,,,"Sansaricq, Thierry",,,
ref 240,Intervid,1998,Box,Moving Images (1998-ref240),1.0 object,VHS cassette in original box sleeve,,,"Steinglass, Matt",,,
ref120,Interactive Catalog,1992,Box,Moving Images (1992-ref120),1.0 object,VHS cassette in original plastic box,,,"Hun Hueon, Cho",,,
,,,,,,,,,,,,
ref242,Physicality at the End of the Network,1996,Box,Moving Images (1992-ref242),1.0 object,VHS cassette in original box sleeve,,,"Weissberg, Jed",,,
ref244,Who Am I?,2001,Box,Moving Images (2001-ref244),1.0 object,VHS cassette in original box sleeve,,,"Park, Sangjun",,,
ref122,A Study in Three-Dimensional Pictorial Representation,1999,Box,Moving Images (1999-ref122),1.0 object,VHS cassette in original plastic box,,,"Bertagnoli, Frederico",,,
ref246,Digital Delivery,1997,Box,Moving Images (1997-ref246),1.0 object,VHS cassette in original box sleeve,Box label,Website Documentation,"Woolery, Reginald",,,
ref124,Electronic Restaurant Menu,1994,Box,Moving Images (1994-ref124),1.0 object,VHS cassette in original plastic box,,,"Kim, Jin Wook",,,
ref248,Music Affected Video (MAV),1999,Box,Moving Images (1999-ref248),1.0 object,VHS cassette in original box sleeve,,,"Piper, Ethan",,,
ref126,The Moving Painting,1998,Box,Moving Images (1998-ref126),1.0 object,VHS cassette in original plastic box,,,"Braga, Gustavo",,,
ref128,Danger Seekers,1998,Box,Moving Images (1998-ref128),1.0 object,VHS cassette in original plastic box,,,"Warden, Oliver",,,
ref250,1000 Points (of Trash TV),1991,Box,Moving Images (1991-ref250),1.0 object,VHS cassette in original box sleeve,,,"Petit, Marianne",,,
ref252,Interactive Digital Video in Medical Education Microbiology Curriculum Application,1993,Box,Moving Images (1993-ref252),1.0 object,VHS cassette in original box sleeve,,,"Boss, Yarom",,,
ref130,Sushi CD-ROM Prototype,1994,Box,Moving Images (1994-ref130),1.0 object,VHS cassette in original plastic box,,,"Lasar, Paul",,,
ref132,"Kicking Culture: Fragments from the Downtown Scene, 1975-Present",1998,Box,Moving Images (1998-ref132),1.0 object,VHS cassette in original box sleeve,,,"Kuenstler, Audrey",,,
ref254,QuickTime Virtual Reality Retail Store Website,1997,Box,Moving Images (1992-ref254),1.0 object,VHS cassette in original box sleeve,Box label,this may already exist as a cd,"Carty, David",,,
ref134,Virtual Concert Hall,1996,Box,Moving Images (1996-ref134),1.0 object,VHS cassette in original plastic sleeve,,,"Rees, Alexia",,,
ref256,Redesigning the World Wide Web at the Interactive Telecommunications Program at New York University,1998,Box,Moving Images (1998-ref256),1.0 object,VHS cassette in original box sleeve,,,"Kim, Young Suk",,,
ref136,Mommy What Should I Think Of?,1996,Box,Moving Images (1996-ref136),2.0 objects,"VHS cassette in original box sleeve, CD-R in plastic jewel case",,,"Carbo, Dorothy",,,
ref258,Lotte World - Electronic Interactive Catalog,1993,Box,Moving Images (1993-ref258),1.0 object,VHS cassette,,,"Kim, Jun-Pyoung",,,
ref260,Surviving Memories,1994,Box,Moving Images (1994-ref260),1.0 object,VHS cassette in original box sleeve,,,"Kramer, Elizabeth ",,,
ref138,Special People,XXXX,Box,Moving Images (XXXX-ref138),1.0 object,U-Matic cassette in original plastic box,,,"Macchiarulo, Anthony",,,
ref262,Gender Choices in New Media,1995,Box,Moving Images (1995-ref262),1.0 object,U-Matic cassette in original plastic box,,,"Sotoodeh, Kayvan",,,
ref264,The Amazing McScent™ Machine,1994,Box,Moving Images (1994-ref264),1.0 object,U-Matic cassette in original plastic box,,,"McGraw, Bridget",,,
ref266,KidCode: A Multimedia Messaging Program for Children,1997,Box,Moving Images (1997-ref-266),1.0 object,VHS cassette in original plastic sleeve,,,"Kanarek, Kevin",,,
ref268,Random Abstract: New Plastic Multimedia,1996,Box,Moving Images (1996-ref268),1.0 object,VHS cassette in original box sleeve,,,"Walker, Kevin",,,
ref270,Untitled Thesis (Sylvia Solomon),1992,Box,Moving Images (1992-ref270),1.0 object,VHS cassette in original box sleeve,,,"Solomon, Sylvia",,,
ref272,The Final Thesis Production Project,1992,Box,Moving Images (1992-ref272),1.0 object,VHS cassette in original box sleeve,,,"Shin, Eun-Young",,,
ref274,Listening Video and Watching Audio,2000,Box,Moving Images (2000-ref274),1.0 object,VHS cassette in original plastic box,Box label,"VHS 1: Video Concert 2000, Music is time made audible, Video is time made visable","Kwon, Eunjing",,,
ref140,I-Guide,2000,Box,Moving Images (2000-ref140),1.0 object,VHS cassette in original box sleeve,,,"Chia, Yung-Hee","Cuyler, Joele",,
ref276,Video Underground,1993,Box,Moving Images (1993-ref276),1.0 object,VHS cassette in original plastic box,,,"Rodil, Antonio",,,
ref142,Pegasus,1998,Box,Moving Images (1998-ref142),1.0 object,VHS cassette in original box sleeve,,,"Psomiades, Maria","Fortezza, Giovanni",,
ref144,Integrating New Media into Small to Medium Sized Companies,1986,Box,Moving Images (1986-ref144),1.0 object,VHS cassette in original box sleeve,,,"Nicklas, Kirk",,,
ref278,Space as Interface in an Instructional CD-ROM,1995,Box,Moving Images (1995-ref278),1.0 object,VHS cassette in original plastic box,,,"Exeta, Ivo",,,
ref280,Star Gazer,1991,Box,Moving Images (1991-ref280),1.0 object,VHS cassette in original plastic box,,,"Burstall, Amanda",,,
ref146,I Wear Lucy,1998,Box,Moving Images (1998-ref146),1.0 object,VHS cassette in original plastic box,,,"Cornyn, Alison",,,
ref282,TRACE: a memorial environmental sound installation,1997,Box,Moving Images (1997-ref282),1.0 object,VHS cassette in original plastic box,,,"Rueb, Teri",,,
ref148,My Neighborhood,1987,Box,Moving Images (1987-ref148),1.0 object,VHS cassette in original plastic box,Box label,"""Run DRIVE.LSN from hard drive."" DRIVE INT. VID ADROIT","Generalli, Ernie",,,
ref284,"The Absolutely, Positively True Adventures of Dorelvis: A Serial Dater",1999,Box,Moving Images (1999-ref284),1.0 object,VHS cassette in original box sleeve,,,"Rabinowitz, Dorelle",,,
ref286,Here is Where You Heard the Ocean: an interactive ocean environment of sound and video,1994,Box,Moving Images (1994-ref286),1.0 object,VHS cassette in original plastic box,,,"Clemons, Laura",,,
ref288,a.maze,1998,Box,Moving Images (1998-ref288),1.0 object,VHS cassette in original box sleeve,,,"Chang, Sharon",,,
ref150,The Biographical Box,1998,Box,Moving Images (1998-ref150),1.0 object,VHS cassette in original box sleeve,,,,,,
ref290,Interactive Theatre,2000,Box,Moving Images (2000-ref290),1.0 object,VHS cassette in original box sleeve,,,"Heyward, Nethia",,,
ref292,A Children's Story With Five Entrances,1998,Box,Moving Images (1998-ref292),1.0 object,VHS cassette in original box sleeve,,,"Cha, Seugah","Lee, Peter","Park, Woong-hyun",
ref294,Interactive audio CD-Rom,1996,Box,Moving Images (1996-ref294),1.0 object,VHS cassette,Cassette label,VHS 1: “Lifer” Enhanced CD Video Output Sample,"Berger, Richard",,,
ref296,Text Rain,1999,Box,Moving Images (1999-ref296),1.0 object,VHS cassette in original box sleeve,,,"Utterback, Camille",,,
ref298,The Interactive Alphabet,1993,Box,Moving Images (1993-ref298),1.0 object,VHS cassette in original box sleeve,,,"Harvey, Grant",,,
ref400,Space / Surface / Sequence,1998,Box,Moving Images (1998-ref400),1.0 object,VHS cassette in original box sleeve,,,"Baxi, Kadambari",,,
ref152,Slake,1996,Box,Moving Images (1996-ref152),1.0 object,VHS cassette in original box sleeve,,,"Goodwin, Suzanne",,,
ref154,Pin Cushion Forum,1995,Box,Moving Images (1995-ref154),1.0 object,VHS cassette in original box sleeve,,,"Goldberg, Miriam",,,
ref404,Amish Culture,1990,Box,Moving Images (1990-ref404),1.0 object,VHS cassette in original box sleeve,,,"Nerfeld, Donna",,,
ref156,Interactive Handshake,1998,Box,Moving Images (1998-ref156),1.0 object,VHS cassette in original box sleeve,,,"Ramos, Jorgette",,,
ref406,"Free Range Appliances in a Light Duck Sauce, Swans Added",2000,Box,Moving Images (2000-ref406),1.0 object,VHS cassette in original box sleeve,,,"Ho, Rania",,,
ref158,The Lizzys,2002,Box,Moving Images (2002-ref158),,,,,,,,
ref408,ITP WINDOW Videodisk and Teleconference,1992,Box,Moving Images (1992-ref408),1.0 object,VHS cassette in original box sleeve,Box label,VHS 1: Demo version before actual show launched with an ensuing archival followup,"Bedoll, Jeff",,,
ref410,You Are the Only Light in Your Tunnel,2001,Box,Moving Images (2001-ref410),1.0 object,VHS cassette in original box sleeve,,,"Suh, Dongsoo",,,
ref160,Tilt Interface for Portable Digital Assistants,1999,Box,Moving Images (1999-ref160),1.0 object,VHS cassette in original box sleeve,,,"Vianna, Bruno",,,
ref162,The Glass Bead Game,1989,Box,Moving Images (1989-ref162),1.0 object,VHS cassette in original box sleeve,Gen Note,Titles are different from paper title. Video appears to be documentation of a class project that led to the final thesis product.,"Combs, James",,,
ref414,Easy Driver,XXXX,Box,Moving Images (XXXX-ref414),1.0 object,VHS cassette in original box sleeve,,,"Cross, Steven",,,
ref164,Production Book/Spec Reel,1989,Box,Moving Images (1989-ref164),1.0 object,VHS cassette in original plastic box,,,"Keuter, Karen",,,
ref416,CyberMercury: A Web Satire,2000,Box,Moving Images (2000-ref416),1.0 object,VHS cassette in original box sleeve,,,"Kite, Dana",,,
ref166,"The Boy, the Bee, and the Grapefruit Tree",2000,Box,Moving Images (2000-ref166),1.0 object,VHS cassette in original plastic box,,,"Danitz, Brian",,,
ref418,A Software Prototype for the American Sign Language Dictionary on CD-ROM,1993,Box,Moving Images (1993-ref418),1.0 object,VHS cassette in original plastic sleeve,,,"Shustak, Paul",,,
ref168,The Voice Mail Training Tour: a Macintosh-based tutorial and interactive video,1989,Box,Moving Images (1989-ref168),1.0 object,VHS cassette in original plastic box,Box label,"Title differs from thesis paper title, but appears to be the same project.","Eugene, Regine",,,
ref420,The Loumoflex,1998,Box,Moving Images (1998-ref420),1.0 object,VHS cassette in original box sleeve,,,"Spitzer, Louis",,,
ref422,Gesture,2002,Box,Moving Images (2002-ref422),1.0 object,VHS cassette in original box sleeve,,,"Kempner, Michelle",,,
ref170,Live Remote Internet Broadcast,1997,Box,Moving Images (1997-ref170),1.0 object,VHS cassette in original plastic box,Box label,"""Footage from performances broadcast live on the web during 1997.""","Connor, Mike",,,
ref172,yOUTh,1997,Box,Moving Images (1997-ref172),1.0 object,VHS cassette in original box sleeve,Box label,"""A website for gay, lesbian, bisexual, transgender, and questioning teenagers.""","Gross, Jeffrey",,,
ref424,Untitled Thesis (Joan Griffin),1996,Box,Moving Images (1996-ref424),1.0 object,VHS cassette in original box sleeve,,,"Griffin, Joan",,,
ref426,"Bye-Bye, Mainstream",1996,Box,Moving Images (1996-ref426),1.0 object,VHS cassette in original box sleeve,,,"Genova, Barbara",,,
ref174,Welcome Friends of Holland and Sparta Mountains,1998,Box,Moving Images (1998-ref174),1.0 object,VHS cassette in original box sleeve,,,"Healey, Michael",,,
ref176,Untitled Thesis (Jennifer Gendler),1996,Box,Moving Images (1996-ref176),1.0 object,VHS cassette in original box sleeve,Box label,"""Video demo of Director presentation.""","Gendler, Jennifer",,,
ref178,Palm Poetry,2000,Box,Moving Images (2000-ref178),1.0 object,VHS cassette in original box sleeve,,,"Kruglanski, Orit",,,
ref428,"Interactive Laserdisc Kiosk : ""Unique Survival""",1991,Box,Moving Images (1991-ref428),1.0 object,VHS cassette in original box sleeve,,,"Halpern, Murray",,,
ref430,Untitled Thesis (Paul Holgerson),2000,Box,Moving Images (2000-ref430),1.0 object,VHS cassette in original box sleeve,,,"Holgerson, Paul",,,
ref432,Animation Portfolio,2000,Box,Moving Images (2000-ref232),1.0 object,VHS cassette in original box sleeve,,,"Ho-Ming Chow, Sheldon",,,
ref434,Untitled Thesis (Ignacio Ayestaran),1994,Box,Moving Images (1994-ref434),1.0 object,VHS cassette in original box sleeve,,,"Ayestaran, Ignacio",,,
ref436,Disappeared/Desaparecidos,1995,Box,Moving Images (1995-ref436),1.0 object,VHS cassette in original box sleeve,,,"Abeson, Kristina","Bowen, Abby",,
ref438,Polis Isis,2000,Box,Moving Images (2000-ref438),1.0 object,VHS cassette in original box sleeve,,,"Bonafede, Anthony",,,
ref440,Myths and Interpretations (misinterpretations) of America,1998,Box,Moving Images (1998-ref440),1.0 object,VHS cassette in original box sleeve,,,"Frontera, Tania",,,
ref442,Untitled Thesis (Donald Chesnut),1993,Box,Moving Images (1993-ref442),1.0 object,VHS cassette in original box sleeve,,,"Chesnut, Donald",,,
ref180,www.koalahospital.org,1998,Box,Moving Images (1998-ref180),1.0 object,VHS cassette in original box sleeve,Cassette label,"""Video component""","Dunn, Michael",,,
ref182 ,Plateau,1997,Box,Moving Images (1997-ref182),1.0 object,VHS cassette in original box sleeve,,,"Kaori, Eda",,,
ref444,Gramercy,1998,Box,Moving Images (1998-ref444),1.0 object,VHS cassette in original box sleeve,,,"DeGeorges, Paul",,,
ref184,WWW Shrine,1997,Box,Moving Images (1997-ref184),1.0 object,VHS cassette in original box sleeve,,,"Dandrea, Richard",,,
ref446,CyberBlocks,1997,Box,Moving Images (1998-ref446),1.0 object,VHS cassette in original box sleeve,,,"Goldberg, Eric",,,
ref186,Heist,2001,Box,Moving Images (2001-ref186),1.0 object,VHS cassette in original box sleeve,,,"Kim, Lloyd","Lam, Henry","Shah, Preeti","Tung, Michelle"
ref188,Pan,1995,Box,Moving Images (1995-ref188),1.0 object,VHS cassette in original plastic box,,,"Even, Tirtza",,,
ref448,Shades of BLUE,1996,Box,Moving Images (1996-ref448),1.0 object,VHS cassette in original box sleeve,,,"Ettin, Scott",,,
ref450,Reflections,1997,Box,Moving Images (1997-ref450),1.0 object,VHS cassette in original box sleeve,,,"Echeverry, Santiago",,,
ref190,West Brooklyn Intensive Psychiatric Rehabilitation Program,1995,Box,Moving Images (1995-ref190),1.0 object,VHS cassette in original plastic box,,,"Chere, Jalali",,,
,,,,,,,,,,,,
ref452,The Wobbler!,1997,Box,Moving Images (1997-ref452),1.0 object,VHS cassette in original box sleeve,,,"Duncan, Jennifer","Dixon, Dierdre",,
ref356,Trace: A Memorial Environmental Sound Installation,1997,Box,Computer disks / tapes (1997-ref356),1.0 object,One CD-R in plastic jewel case,,,"Rueb, Teri",,,
ref358,The Sound of Memory: Using Technology and New Media to Preserve the Story of Us,2006,Box,Computer disks / tapes (2006-ref358),1.0 object,One CD-R in plastic jewel case,,,"Kirchherr, Jennifer",,,
ref360,cell-U-death,2005,Box,Computer disks / tapes (2005-ref360),1.0 object,One CD-R in plastic jewel case,On disk,"Source Dr. Henry Lai, cell phone radiation","Buttermore, Neil",,,
ref362,Beyond [boundaries] : a proposal for an art & community based project,1999,Box,Computer disks / tapes (1999-ref362),2.0 objects,Two CD-R in separate plastic jewel cases,On jewel label ,"Thesis Demo. Intructions: Open ""thesisdemo"" folder, Drag the file ""starthere.html"" into the web browser","Kalal, Rani Sheilagh",,,
ref364,Pitch Green Dark,1998,Box,Computer disks / tapes (1998-ref364),1.0 object,One CD-R in plastic jewel case,,,"Lewis, Nancy",,,
ref366,Untitled Thesis (Jack Davis),1999,Box,Computer disks / tapes (1999-ref366),1.0 object,One CD-R in plastic jewel case,On disk,Mike World - Demo & Sketches,"Davis, Jack",,,
ref368,Interactive Photobooth,1999,Box,Computer disks / tapes (1999-ref368),1.0 object,One CD-R in plastic jewel case,On jewel label,"Files and Folders on this CD: Read Me, Project Statement, Copy to Xtra folder of Director: ScrnXtra, Copy to your Hard Disk: Demo Director, Demo Projector, Interactive Director, Example Sounds, Project Statement and Images","Malden, Kristine",,,
ref370,"The Boy, the Bee, and the Grapefruit Tree",2000,Box,Computer disks / tapes (2000-ref370),2.0 objects,Two CD-Rs in plastic jewel cases,"On jewel label one, on jewel label two","Copy contents onto desktop and add disk 2; add contents to ""new movies"" directory, 718 783 0758, b@b-interactive.net","Danitz, Brian",,,
ref372,Collections,2001,Box,Computer disks / tapes (2001-ref372),1.0 object,One CD-R in plastic jewel case,On disk,Portfolio Collection. Interactive multimedia & quicktime movies,"Jung, Junyoung",,,
ref374,The Jungle Mapper,1996,Box,Computer disks / tapes (1996-ref374),2.0 objects,"One CD-R in plastic jewel case, on Hi-8 video cassette",On jewel label,"If possible, run from Enclosed floppy while CD is inserted","Hunt, Stuart",,,
ref376,The Tele-VRT Initiative,2003,Box,Computer disks / tapes (2003-ref376),1.0 object,One CD-R in paper sleeve,On disk,"HTTP://TELE-VRT.KSELECTED.COM, Process Demonstration","Russell, Timothy J.",,,
ref378,Floating Tones,2005,Box,Computer disks / tapes (2005-ref378),1.0 object,One CD-R in paper sleeve,On disk,"917 463 6446, sarit","Youdelevich, Sarit",,,
ref380,Children,2000,Box,Computer disks / tapes (2000-ref380),1.0 object,One CD-R in plastic jewel case,On jewel label,martybogert@earthlink.net,"Bogert, Martha",,,
ref382,Gramercy,1998,Box,Computer disks / tapes (1998-ref382),2.0 objects,One CD-R in plastic jewel case,On disk,paul@10base-t.com / 212 420 1052 (macintosh only),"DeGeorges, Paul",,,
ref384,Theater of Information: augmented reality in live dramatic theater,2004,Box,Computer disks / tapes (2004-ref384),1.0 object,One CD-R in plastic jewel case,,,"Guttman, Edward",,,
ref386,LOUNGESCENE,2001,Box,Computer disks / tapes (2001-ref386),1.0 object,One CD-R in plastic sleeve,,,"Harker, Julian",,,
ref388,Customized Video Display: Woman in Perfect Makeup,2004,Box,Computer disks / tapes (2004-ref388),1.0 object,One CD-R in plastic sleeve,,,"Chou, Fayi",,,
ref390,Mobile Cut-Ups,2006,Box,Computer disks / tapes (2006-ref390),1.0 object,One CD-R in plastic sleeve,,,"Yates, David",,,
ref392,Untitled Thesis (Ahmi Wolf),2004,Box,Computer disks / tapes (2004-ref392),1.0 object,One CD-R in paper sleeve,On disk,Thesis documentation,"Wolf, Ahmi",,,
ref394,"The Lion, the Witch, and the Wardrobe",2002,Box,Computer disks / tapes (2002-ref394),1.0 object,One CD-R in plastic sleeve,On disk,1) Trailer; 2) Mr. Tumnus Greetings; 3) Demo,"Gomez, Happy","Velmonte, Tisha",,
ref396,Chateau De Casino TM,1995,Box,Computer disks / tapes (1995-ref396),1.0 object,One CD-R in plastic jewel case,On disk,,"Hong, Soon Ho",,,
ref398,Color Therapy and New Yorker,2001,Box,Computer disks / tapes (2001-ref398),1.0 object,One CD-R in plastic jewel case,On jewel label,"Please Start ""index.html""","Honge, Masahiko",,,
ref192,Manipulated City,2001,Box,Computer disks / tapes (2001-ref192),1.0 object,One CD-R in plastic jewel case,,,"Yokoyama, Hidenori",,,
ref194,The Lower East Site,1999,Box,Computer disks / tapes (1999-ref194),1.0 object,One CD-R in plastic jewel case,,,"Ortiz, Maria",,,
ref196,no[w]here,2006,Box,Computer disks / tapes (2006-ref196),1.0 object,One CD-R in plastic jewel case,,,"Kato, Sawako",,,
ref198,Presence,2002,Box,Computer disks / tapes (2002-ref198),1.0 object,One CD-R in plastic jewel case,,,"Kfir, Zohar",,,
ref500,Double Take,2000,Box,Computer disks / tapes (2000-ref500),1.0 object,One CD-R in plastic jewel case,,,"Caplan, Rachel",,,
ref502,Home PC Security Tutorial,1999,Box,Computer disks / tapes (1999-ref502),1.0 object,One CD-R in plastic jewel case,,,"Sweeney, Thomas",,,
ref504,Orange,2005,Box,Computer disks / tapes (2005-ref504),1.0 object,One CD-R in plastic jewel case,,,"Silayan, Joey",,,
ref506,Sideshow.com,1998,Box,Computer disks / tapes (1998-ref506),1.0 object,One CD-R in plastic jewel case,,,"Kahl, Fred",,,
ref508,Annotate Space,2002,Box,Computer disks / tapes (2002-ref508),1.0 object,One CD-R in plastic jewel case,On disk,"Titled ""Orbital Thread,"" but contains documents for thesis ""Annotate Space.""","Moed, Andrea",,,
ref510,Untitled Thesis (Giselle Leal),2003,Box,Computer disks / tapes (2003-ref510),2.0 objects,Two CD-R in separate plastic jewel cases,,,"Leal, Giselle",,,
ref512,Voice: War and Terror,2003,Box,Computer disks / tapes (2003-ref512),1.0 object,One CD-R in plastic jewel case,,,"Azekawa, Hanako",,,
ref514,Interactive Live Painting,2003,Box,Computer disks / tapes (2003-ref514),1.0 object,One CD-R in plastic jewel case,,,"Nonaka, Maiko",,,
ref516,Distributed Digital Agents,2001,Box,Computer disks / tapes (2001-ref516),1.0 object,One CD-R in plastic jewel case,,,"Thompson, Mark",,,
ref518,The Terms of War,2000,Box,Computer disks / tapes (2000-ref518),1.0 object,One CD-R in plastic jewel case,,,"Juan, Jovi",,,
ref520,"Superheroes, Inc.",1997,Box,Computer disks / tapes (1997-ref520),1.0 object,One CD-R in plastic jewel case,,,"Sampson, Darron",,,
ref522,Gamingpeople.com,2000,Box,Computer disks / tapes (2000-ref522),1.0 object,One CD-R in plastic jewel case,,,"Beltrami, Maria",,,
ref524,Interactive Narrative,2002,Box,Computer disks / tapes (2002-ref524),1.0 object,One CD-RW in plastic jewel case,,,"Benton, John",,,
ref526,Theorizer,2006,Box,Computer disks / tapes (2006-ref526),1.0 object,One CD-R in plastic jewel case,,,"Subramanian , Ramakrishnan",,,
ref528,Untitled Thesis (Romy Achituv),2000,Box,Computer disks / tapes (2000-ref528),1.0 object,One CD-R in plastic jewel case,On sleeve,Has title but cannot read.,"Achituv, Romy",,,
ref530,H2O Project,1997,Box,Computer disks / tapes (1997-ref530),1.0 object,One CD-R in plastic jewel case,,,"Caroddo , Gina",,,
ref454,Interactive Still Images,2000,Box,Moving Images (2000-ref454),1.0 object,VHS cassette in original box sleeve,Cassette label,SID #991371848,"Liao, Jui-Te",,,
ref456,Seasons,1997,Box,Moving Images (1997-ref456),1.0 object,VHS cassette in original box sleeve,,,"Yee, Bennett",,,
ref458,The Silent Show with Sound,2000,Box,Moving Images (2000-ref458),1.0 object,VHS cassette in original box sleeve,,,"Jossen, Jade","Teitler, Sarah",,
ref460,Puppet Theater,1993,Box,Moving Images (1993-ref460),1.0 object,VHS cassette in original box sleeve,,,"Chiu, Yung-Fang",,,
ref462,Beam of Light: An Interactive 3D Scanner,2000,Box,Moving Images (2000-ref462),1.0 object,VHS cassette in original box sleeve,,,"Yaar, Arnon",,,
ref464,Untitled Thesis (Naiwon Hsu),1993,Box,Moving Images (1993-ref464),1.0 object,VHS cassette in original box sleeve,,,"Hsu, Nai-Won",,,
ref466,Cyber Succes,1997,Box,Moving Images (1997-ref466),1.0 object,VHS cassette in original box sleeve,,,"Swensen, Cindy",,,
ref468,The Lounge,1998,Box,Moving Images (1998-ref468),1.0 object,VHS cassette in original box sleeve,,,"Wang, Cathy",,,
ref470,Not Bill Vioia + Consumer EQ Christmas,1991,Box,Moving Images (1991-ref470),1.0 object,VHS cassette in original box sleeve,,,"Buchanan, John",,,
ref470,Not Bill Vioia + Consumer EQ Christmas / WINDOW / Being Time,1991,Box,Moving Images (1991-ref470),1.0 object,VHS cassette in original box sleeve,Box label,"Pat O’Hara’s Composite Video Tape - 00:00 - 1 minute and ten seconds of black, 01:10 - 17 minute presentation and explanation of WINDOW, the interactive multimedia television program, 18:00 - a brief introduction followed by the thirty minute linear version of [label damage] “Being Time” a study of time and being, 48:19 a four [label damage], 52:30 [label damage]","Buchanan, John",,,
ref472,Exercise Interactive,1992,Box,Moving Images (1992-ref472),1.0 object,VHS cassette in original box sleeve,,,"Wollman, Craig",,,
ref474,"Superheroes, Inc. :An Experiment into Dynamic Interactive Narratives",1997,Box,Moving Images (1997-ref474),1.0 object,VHS cassette in original box sleeve,,,"Sampson, Darron",,,
ref476,Musical Devices,1999,Box,Moving Images (1999-ref476),1.0 object,VHS cassette in original box sleeve,,,"Urist, Andrea",,,
ref478,Tech-1LA Hispanic Online Magazine,1995,Box,Moving Images (1995-ref478),1.0 object,VHS cassette in original box sleeve,,,"Rosenberg, Axel",,,
ref482,The Lumow Word Game,1988,Box,Moving Images (1988-ref482),1.0 object,VHS cassette in original plastic box,,,"Aspelund, Erling",,,
ref484,Emptiness,1992,Box,Moving Images (1992-ref484),1.0 object,VHS cassette in original plastic box,Box label,"VHS1: 5 Series, In Director 3.1 file, Mac, 1. In the Midst of Time, 2. Time is, 3. The Dancer, 4. The Hand, 5. The Shadow of Life","Won, Sohee",,,
ref486,European Forum: www.europeanforum.com,1998,Box,Moving Images (1998-ref486),1.0 object,VHS cassette in original plastic sleeve,,,"Seymour, Sabine",,,
ref488,The Musical Shower Instrument,1998,Box,Moving Images (1998-ref488),1.0 object,VHS cassette in original box sleeve,,,"Yang, Derhong",,,
ref490,Musica Interactive Video,1987,Box,Moving Images (1987-ref490),1.0 object,VHS cassette in original plastic sleeve,,,"Zayas, Hiram",,,
ref492,Shallow People/Deep City,2006,Box,Computer disks / tapes (2006-ref492),1.0 object,One CD-R in plastic jewel case,,,"Bergfeld, Lasse",,,
ref494,www.rutigliano.com,1997,Box,Moving Images (1997-ref494),1.0 object,VHS cassette in original box sleeve,,,"Rutigliano, Bonita",,,
ref496,The Surveillance Show,2000,Box,Moving Images (2000-ref496),2.0 object,"VHS cassette in original box sleeve, Zip MAC100 disk in original plastic box",,,"Pesola, Steve",,,
ref498,Pixelface Labs,2000,Box,Moving Images (2000-ref498),1.0 object,VHS cassette in original box sleeve,Cassette label,"RoboSapien, Conversant Massage Chair, A Hay Named Moooo...","Pollex, Alessandro",,,
ref600,Cape Verde and our Identity,1997,Box,Moving Images (1997-ref600),1.0 object,VHS cassette in original box sleeve,,,"Robinson, Donald",,,
ref602,Words of Wisdom? : the Building on Seventh Street,1999,Box,Moving Images (1999-ref602),1.0 object,VHS cassette in original box sleeve,,,"Reifman, Katie",,,
ref604,Mirror II,2001,Box,Moving Images (2001-ref604),1.0 object,VHS cassette in original box sleeve,,,"Kim, Hyunhee",,,
ref606,Sounds and Stories,1998,Box,Moving Images (1998-ref606),1.0 object,VHS cassette in original box sleeve,,,"Lee, Sunmin",,,
ref608,The Nanzetta Legacy,1998,Box,Moving Images (1998-ref608),1.0 object,VHS cassette in original box sleeve,Cassette label,A Digital Docu/Drama,"Jefferson, Kristin",,,
ref610,Stanley Kubrick,1998,Box,Moving Images (1998-ref610),1.0 object,VHS cassette in original box sleeve,,,"Marshall, Caroline",,,
ref612,People of the Book,1991,Box,Moving Images (1991-ref612),1.0 object,VHS cassette in original box sleeve,,,"Lesch, Leah","Davis, Michael",,
ref614,Elena’s Magical Ride Interactive Children’s Storybook,1993,Box,Moving Images (1993-ref614),1.0 object,VHS cassette in original box sleeve,,,"Varsell, Lynn",,,
ref532,Digital Cinematography,2001,Box,Computer disks / tapes (2001-ref532),1.0 object,One CD-R in plastic jewel case,,,"Goldberg, Joseph",,,
ref616,The Portrait of Aaron Slobodj,2000,Box,Moving Images (2000-ref616),1.0 object,VHS cassette in original box sleeve,,,"Mota, Sofia",,,
ref618,Glimpse : a Mobility Aid for the Visually Impaired,1998,Box,Moving Images (1998-ref618),1.0 object,VHS cassette in original box sleeve,,,"Ram, Sunita",,,
ref620,Environmental Organizations Contextual Search Engine,1998,Box,Moving Images (1998-ref620),1.0 object,VHS cassette in original box sleeve,,,"Osborne, Dariane",,,
ref622,Animation Gallery,1991,Box,Moving Images (1991-ref622),2.0 object,"VHS cassette in original plastic sleeve, VHS cassette in original plastic box",,,"Pisacreta, Debbie",,,
ref624,Untitled Thesis (Jinhong Park),1994,Box,Moving Images (1994-ref624),1.0 object,VHS cassette in original box sleeve,,,"Park, Jinhong",,,
ref626,The Phases of Faultlines,1997,Box,Moving Images (1997-ref626),4.0 objects,,,,"Madelo, Adele",,,
ref628,Did You Dream Last Night?,1995,Box,Moving Images (1995-ref628),1.0 object,VHS cassette in original box sleeve,,,"Rosenbaum, Arthur",,,
ref700,Collaborative Immersive Networked Environment,2005,Box,Computer disks / tapes (2005-ref700),1.0 object,One CD-R in plastic jewel case,On disk,CINE www.studioIMC.com/CINE.html Jtunick@studioIMC.com,"Tunick, James","Kirov, Miro","Riley, Houston",
ref704,Clinton Street Portrait Web Project,2002,Box,Computer disks / tapes (2005-ref704),2.0 object,Two CD-R in original plastic jewel case,On disk,"One PC Formatted, one Mac Formatted","Culkin, James",,,
ref702,iMed: your healing channel,2002,Box,Computer disks / tapes (2002-ref702),1.0 object,One CD-R in original plastic jewel case,On label,"documents, prototype, fonts. prototype uses officina (included on disk), prototype requires quicktime","Cianfaglione, Ron",,,
ref706,Block Sequencer,2004,Box,Computer disks / tapes (2004-ref706),1.0 object,One CD-R in original plastic jewel case,,,"Lo Conte, Manlio",,,
ref710,Radical Roots,2002,Box,Computer disks / tapes (2002-ref710),1.0 object,One CD-R in original plastic jewel case,on label,radicalroots.com,"Siegel, Ross",,,
ref630,"""Explorers of the Ancient World: Egypt"" Designing for an Interactive 3D Virtual Space",2000,Box,Moving Images (2000-ref630),1.0 object,VHS cassette in original box sleeve,,,"Jensen, Sarah","Kelley, Jennifer","O, Allison",
ref632,Explosion of a Memory,1994,Box,Moving Images (1994-ref632),1.0 object,VHS cassette in original plastic sleeve,,,"Kassimatl, Nellika",,,
ref634,Not Just a Remote Control,1994,Box,Moving Images (1994-ref634),1.0 object,VHS cassette in original plastic box,,,"Lee, JunHee",,,
ref636,"Macromedia Director Program on the SAIL EXPO in Atlantic City, N.J.",1996,Box,Moving Images (1996-ref636),1.0 object,VHS cassette in original plastic box,,,"Kelly, John J",,,
ref534,Digital Non-Silver Processes,2000,Box,Computer disks / tapes (2000-ref534),1.0 object,One CD-R in plastic jewel case,,,"Shapoff, Matthew",,,
ref638,The World of Kostya Russian Artist in New York,1997,Box,Moving Images (1997-ref638),2.0 objects,"VHS cassette in original plastic box, VHS cassette in original plastic box",,,"Liu, Meng-Ju",,,
ref536,Modul-O-Tron,2007,Box,Computer disks / tapes (2007-ref536),1.0 object,One CD-R in plastic jewel case,,,"Coutau , Wendy",,,
ref538,Battle of the Somme,2000,Box,Computer disks / tapes (2000-ref538),1.0 objects,One CD-R in plastic jewel case,,,"Klein, Leo",,,
ref640,A Report on the Production of Bedfast: an interactive docudrama,1993,Box,Moving Images (1993-ref640),1.0 object,VHS cassette in original plastic box,,,"Velick, Deborah",,,
ref540,Garden Full of Energy,2006,box,Computer disks / tapes (2006-ref540),1.0 object,One CD-R in plastic jewel case,On disk,"Labeled ""The Sounds of VIruses"" but it also has ""thesis"", correct instructor and year.","Wechsler, Leah",,,
ref642,Pools: Liquid Interfaces for Interactive Telepresence,1996,Box,Moving Images (1996-ref642),1.0 object,VHS cassette in original plastic box,,,"Paulo Amaral Schlittler, Joao",,,
ref542,Projects (x - s) Time,2001,Box,Computer disks / tapes (2001-ref542),1.0 object,One CD-R in plastic jewel case,,,"Grimm, Jonathan",,,
ref708,Untitled Thesis (Phoebe Espiritu),2004,Box,Computer disks / tapes (2004-ref708),1.0 object,One CD-R in plastic jewel case,,,"Espiritu, Phoebe",,,
ref544,Annotate Space,2002,Box,Computer disks / tapes (2002-ref544),1.0 object,One CD-R in plastic jewel case,,,"Moed, Andrea",,,
ref546,The Wild Garden on a Remote Planet,2001,Box,Computer disks / tapes (2001-ref546),1.0 object,One CD-R in plastic jewel case,,,"Lovett, Cynthia",,,
ref712,Spatula of Death,2007,Box,Computer disks / tapes (2007-ref712),1.0 object,One CD-R in plastic jewel case,On disk,Spring '07 screening video info in txt file on cd,"Maskin, Andy",,,
ref714,Turtle's Escape: Exploring Traditional and Digital Techniques to Create Silhouette Animation,2004,Box,Computer disks / tapes (2004-ref714),1.0 object,One CD-R in original plastic jewel case,"On label, on disk","718-756-6508, apickman@creativegoals.com, A Jamaican Anansi Story","Pickman, Angela",,,
ref716,Molelo,2001,Box,Computer disks / tapes (2001-ref716),1.0 object,One CD-R in original plastic jewel case,,,"Brandt, Heidi","Derby, Dave",,
ref718,Marty B,1998,Box,Computer disks / tapes (1998-ref718),1.0 object,One CD-R in original plastic jewel case,On label,"Version 1a. instructions: turn volume high, insert CD-ROM and click on MartyB to begin. 253 West 72nd st #1510 New York, NY 10023 ph: 212-595-1738 email: zbalsam@kb.com","Balsam, Zoe",,,
ref720,Station,1998,Box,Computer disks / tapes (1998-ref720),1.0 object,One CD-R in original plastic jewel case,,,"Harms, Luke",,,
ref722,LINGOlingo - An Exploration into Custom Lingo Behaviours,2000,Box,Computer disks / tapes (2000-ref722),1.0 object,One CD-R in original plastic jewel case,,,"Chua, Edrick",,,
ref724,http://chiyidesign.com,2001,Box,Computer disks / tapes (2001-ref724),1.0 object,One CD-R in plastic jewel case,,,"Hsaiao, Chin-yi",,,
ref726,CacheMe: Technology for a Migrating Website,2004,Box,Computer disks / tapes (2004-ref726),1.0 object,One CD-R in plastic jewel case,,,"Chitturi, Vena",,,
ref728,3D ITP,2004,Box,Computer disks / tapes (2004-ref728),1.0 object,One CD-R in original plastic jewel case,,,"Maleh, Marc",,,
ref730,Cousteau,2007,Box,Computer disks / tapes (2007-ref730),1.0 object,One CD-R in plastic jewel case,,,"Arjo, Terence",,,
ref732,HyperAcoustics,1990,Box,Computer disks / tapes (1990-ref732),1.0 object,One 3.5” floppy disk in original case,,,"Kopke, Henrique",,,
ref734,Sushi CD-ROM Protoype,1994,Box,Computer disks / tapes (1994-ref734),1.0 object,One 3.5” floppy disk,,,"Lasar, Paul",,,
ref736,Fractals,1990,Box,Computer disks / tapes (1990-ref736),2.0 object,Two 3.5” floppy disk,,,"Wille, Mark",,,
ref738,Systems of Behavior,2001,Box,Computer disks / tapes (2001-ref738),1.0 object,One 3.5” floppy disk,,,"Cha, Raymond",,,
ref740,Computer Aided Instruction for the Hearing Impaired,1984,Box,Computer disks / tapes (1984-ref740),1.0 object,One 5 1/4” floppy disk in original sleeve,,,"Kosakoff, Kenneth",,,
ref742,Software Definition for the IAP Console,1988,Box,Computer disks / tapes (1988-ref742),1.0 object,One 5 1/4” floppy disk,on disk,"""RDEMO IAP""","Gomes, Charlene",,,
ref744,Development of an Electronic Bulletin Board for the Qube Cable System : A Strategy for Using Coin-Operated Public Computer Terminals,1981,Box,Computer disks / tapes (1981-ref744),1.0 object,One 5 1/4” floppy disk in original sleeve,on disk,2nd copy,"Price, Brenda",,,
ref746,The Video Manager: a personal computer database,1987,Box,Computer disks / tapes (1987-ref746),4.0 object,Four 5 1/4” floppy disk in plastic case,,,"Fisher, Ian",,,
ref748,WorldTalk: A Bulletin Board Service for Speakers of English as a Second Language ,1996,Box,Moving Images (1996-ref748),1.0 object,One Hi-8 video cassete in original case,,,"Lurie, Jenine",,,
ref750,Xochu - A Russian Internet Trademark,1997,Box,Moving Images (1997-ref750),1.0 object,One Hi-8 video cassete in original case,,,"Vinogradova, Vica",,,
ref752,Opticon,2000,Box,Moving Images (2000-ref752),1.0 object,One MiniDV in original case,,,"Lefett, Todd",,,
ref754,The Manhattan Eruv Project,2005,Box,Moving Images (2005-ref754),1.0 object,One MiniDV in original case,on disk,The Staten Island Ferry,"Malkin, Elliott",,,
ref756,Planet Interactive,1991,Box,Moving Images (1991-ref756),1.0 object,One VHS-C in original case,on label,Halli Thorst interacts ith his final project,"Thorsteinsson, Halli",,,
ref758,HTTP Proxy Server,1997,Box,Moving Images (1997-ref758),1.0 object,One VHS-C in original case,on disk,"April 30, 1997; Advisor: Pat O'Hara","Burke, Michelle",,,
ref760,Untitled Thesis (Alexander Baray),2003,Box,Moving Images (2003-ref760),1.0 object,One MiniDV in original case,,,,,,
,,,,,,,,,,,,
,,,,,,,,,,,,
,,,,,,,,,,,,
,,,,,,,,,,,,
,,,,,,,,,,,,
ref644,Strange Interactive: An Interactive Model for Educational Software and Design Internship with the Discovery Kids Channell,2004,Box,Computer disks / tapes (2004-ref644),1.0 object,One CD-R in plastic jewel case,,,"Jabbawy, Nathaniel",,,
ref646,Lifer Interactive audio CD-Rom,1996,Box,Computer disks / tapes (1996-ref646),1.0 object,One Enhanced Audio CD-R in plastic jewel case,,,"Berger, Richard",,,
ref648,You Are the Only Light in Your Tunnel,2001,Box,Computer disks / tapes (2001-ref648),1.0 object,One 3.5” Floppy Disk,,,"Suh, Dongsoo",,,
ref548,Using the Web as a Tool for Choral Singing Instruction,2001,Box,Computer disks / tapes (2001-ref548),1.0 object,One CD-R in plastic jewel case,,,"Pascua, Jocelyn",,,
ref550,Telling It Expressively,2000,Box,Computer disk / tapes (2000-ref550),1.0 object,One CD-R in plastic jewel case,,,"Zhang, Dong",,,
ref650,Jean Rouch: The Cinema of Shared Anthropology,2000,Box,Computer disks / tapes (2000-ref650),1.0 object,One CD-R in plastic jewel case,,,"Berry, Sarah",,,
ref552,Untitled Thesis (Larilyn Sanchez),2001,Box,Computer disks / tapes (2001-ref552),1.0 object,One CD-R in plastic jewel case,,,"Sanchez, Larilyn",,,
ref554,3-Apr-01,2001,Box,Computer disks / tapes (2001-ref554),1.0 object,One CD-R in plastic jewel case,,,"Cadsawan, Janet",,,
ref556,Shades of BLUE,1996,Box,Computer disks / tapes (1996-ref556),1.0 objectq,One CD-R in plastic jewel case,,,"Ettin, Scott",,,
ref654,Flies,2000,Box,Computer disks / tapes (2000-ref654),1.0 object,One CD-R in plastic jewel case,,,"Achituv, Romy",,,
ref652,Interpreting Art,2003,Box,Computer disks / tapes (2003-ref652),1.0 object,One CD-RW in plastic jewel case,,,"Kalra, Simrun",,,
ref656,Spice of Life,2003,Box,Computer disks / tapes (2003-ref656),1.0 object,One DVD-R in plastic jewel case,Post-it note,Media Error,"Muci, Rafael",,,
ref558,HandyAid: A Portable Device for Pediatric Emergencies,1999,Box,Computer disks / tapes (1999-ref558),1.0 object,One CD-R in plastic jewel case,On disk,Lizabetli Arum also credited as author,"Shavitt , Hilla",,,
ref560,Spherical Pendulum Music Project,2002,Box,Computer disks / tapes (2002-ref560),1.0 object,One CD-R in plastic jewel case,,,"Yu, Josh",,,
ref658,Untitled Thesis (Aaron Cohen),2001,Box,Computer disks / tapes (2001-ref658),1.0 object,One DVD-R in plastic jewel case,,,"Cohen, Aaron",,,
ref562,Untitled Thesis (Nancy Dwyer),2002,Box,Computer disks / tapes (2002-ref562),1.0 object,One CD-R in plastic jewel case,On sleeve,Noah Hendler also credited as author,"Dwyer, Nancy",,,
ref660,Annotated Review,1997,Box,Computer disks / tapes (1997-ref660),1.0 object,One CD-R in plastic jewel case,Jewel case insert,Booklet with thesis information,"Cavender, Lisa Natasha",,,
ref564,Untitled Thesis (Noah Hendler),2002,Box,Computer disks / tapes (2002-ref562),1.0 object,One CD-R in plastic jewel case,On sleeve,Nancy Dwyer also credited as author. Same physical disc as ref562,"Hendler, Noah",,,
ref662,6Octive Matrix: An Environmentally Interactive Sculpture,2005,Box,Computer disks / tapes (2005-ref662),1.0 object,Three CD-Rs in plastic jewel cases,Disk labels,"Disk 1: Visualizations in Maya, Disk 2: Videoscape Demo, Disk 3: Audio Soundscape Demo","Whittaker, Christine",,,
ref664,a.maze,1998,Box,Computer disks / tapes (1998-ref664),1.0 object,One CD-R in plastic jewel case,Post-it note,Digital videos of audio examples of amaze,"Chang, Sharon",,,
ref666,the arrival of the beeBox: an Exploration of Spatial Text,2003,Box,Computer disks / tapes (2003-ref666),1.0 object,One CD-R in plastic jewel case,,,"Karpinska, Aya",,,
ref668,Concoct : Connecting Professional Chefs through Food,2005,Box,Computer disks / tapes (2005-ref668),1.0 object,One CD-R in plastic jewel case,,,"Raffel, Daniel",,,
ref670,Interactive Origami,1999,Box,Computer disks / tapes (1999-ref670),1.0 object,One CD-R in plastic jewel case,,,"Brossier, Veronique",,,
ref672,MediChart,2000,Box,Computer disks / tapes (2000-ref672),1.0 object,One CD-R in plastic jewel case,,,"Song, Hyun Suk",,,
ref674,Ashes of Time,2002,Box,Computer disks / tapes (2002-ref674),1.0 object,One CD-R in plastic jewel case,,,"Wang, Pai-Huan",,,
ref676,Composition for Soft Wall,2002,Box,Computer disks / tapes (2002-ref676),1.0 object,One CD-R in plastic jewel case,,,"Harris, Wyllona M.",,,
ref678,CyberActive: A new and Improved Form of Democracy,1996,Box,Computer disks / tapes (1996-ref678),1.0 object,One CD-R in plastic jewel case,,,"Salsedo, Carlos",,,
ref680,Untitled Thesis (Bryn Jayes),1999,Box,Computer disks / tapes (1999-ref680),1.0 object,One CD-R in plastic jewel case,,,"Jayes, Bryn",,,
ref682,Astronomy,1995,Box,Computer disks / tapes (1995-ref682),1.0 object,One CD-R in plastic jewel case,,,"Han, Min Hyung",,,
ref684,Continuous Flow A New Type of Transition in Interactive Storytelling,2004,Box,Computer disks / tapes (2004-ref684),1.0 object,One CD-R in plastic jewel case,,,"Chen, Pei-Chen",,,
ref688,Beyond Production,1996,Box,Computer disks / tapes (1996-ref688),1.0 object,One CD-R in plastic jewel case,,,"Murata, Kaori",,,
ref692,"Untitled Thesis (Beams, Mary)",XXXX,Box,Computer disks / tapes (XXXX-ref692),1.0 object,One 5 1/4” floppy disk in original sleeve,,,"Beams, Mary",,,
ref694,network/culture,2000,Box,Computer disks / tapes (2000-ref694),1.0 object,One Zip MAC100 disk in original plastic box,,,"Inbal, Ainatte",,,
ref696,RadioResidents Website,2000,Box,Computer disks / tapes (2000-ref696),1.0 object,One ZIP IBM100 disk in original plastic box,,,"Spector, Deborah",,,
ref698,Personal Trainer Website,1999,Box,Computer disks / tapes (1999-ref698),1.0 object,One ZIP IBM100 disk in original plastic box,,,"Chin, David",,,
ref800,In the Small Pond,2002,Box,Computer disks ,1.0 object,One Zip MAC100 disk in original plastic box,Plastic box label,Please put this zip into Mac. A letter and my Thesis in english in it. Please open “Dear Red” first,"Hamazaki, Kumi",,,
ref802,MusicNet,1996,Box,Computer disks / tapes (1996-ref802),3.0 objects,3 Zip 100 disks in original plastic box,,,"Walker, Joseph",,,
ref804,Untitled Thesis (Carol Keller),XXXX,Box,Computer disks / tapes (XXXX-ref804),1.0 object,One Zip 100 disk in original plastic box,,,"Keller, Carol",,,
ref806,Heist,2001,Box,Computer disks / tapes (2001-ref806),1.0 object,One Zip MAC100 disk in original plastic box,,,"Kim, Lloyd","Tung, Michelle","Shah, Preeti","Jam, Henery"
ref808,Choon-Hyang Jun,1999,Box,Computer disks / tapes (1999-ref808),2.0 object,"One Zip IBM100 disk in original plastic box, Two Zip 100 disk","Zip 100 disk label 1, Zip 100 disk label 2","QTVR-Part I, QTVR-Part II","Chung, Suehyun",,,
ref810,The Observatory: A Collaborative Fiction Web Site,1997,Box,Computer Disks / tapes (1997-ref810),1.0 object,One Zip 100 disk in original plastic box,,,"Vance, Stuart Cameron ",,,
ref812,Untitled Thesis (Jessica Millstone),1997,Box,Computer disks / tapes (1997-ref812),1.0 object,One Zip 100 disk,,,"Millstone, Jessica",,,
ref814,The Family Archive Project,1996,Box,Computer disks / tapes (1996-ref814),1.0 object,One 3.5” floppy disk,"3.5"" floppy disk label",Web Site Docs Open Index.html,"Tardiff, Melissa",,,
ref816,Untitled Thesis (Lisa Powers),1997,Box,Computer disks / tapes (1997-ref816),1.0 object,One Zip 100 disk,,,"Powers, Lisa",,,
ref818,Puppet Theater,1997,Box,Computer disks / tapes (1997-ref818),1.0 object,One Zip 100 disk,,,"Matazzoni, Joe",,,
ref820,I-Guide,2000,Box,Computer disks / tapes (2000-ref820),1.0 object,One Zip MAC100 disk in original plastic box,,,"Cuyler, Joele","Chia, Yung-Hee",,
ref822,Those Who are about to be Forgiven have not yet been Born,1999,Box,Computer disks / tapes (1999-ref822),1.0 object,One Zip 100 disk in original plastic box,,,"Coles, Britt",,,
ref824,Beam of Light: An Interactive 3D Scanner,2000,Box,Computer disks / tapes (2000-ref824),1.0 object,One ZIP PC100 disk in original plastic box,,,"Yaar, Arnon",,,
ref826,B.J. Broadcast Jockey V.J. Video Jockey,2000,Box,Computer disks / tapes (2000-ref826),1.0 object,One Zip MAC100 disk in original plastic box,Zip MAC100 disk label,quicktime loops,"Juan de la Cruz Napoli, René",,,
ref828,The Stack,1999,Box,Computer disks / tapes (1999-ref828),1.0 object,One Zip 100 disk in original plastic box,,,"Rubin, Josh David","Hollrah, Kent",,
ref830,Untitled Thesis (Melanie West),1995,Box,Computer disks / tapes (1995-ref830),1.0 object,One SyQuest 3.5” Cartridge in original plastic case,,,"West, Melanie",,,
ref832,Mad Media,1997,Box,Computer disks / tapes (1997-ref832),1.0 object,"One SyQuest 5.25"" cartridge in original plastic box",Plastic box label,"Mad Media hosted by Madeline Altmann “Media Empress” D.O.B. 5-11-63, Height 5’4”, Weight 115 lbs. Hosted over 60 live TV shows. Award winning video artist. Languages: English, French, Portuguese, German, Spanish and Czech. Athletic Skills: kayaking, water ballet, rollerskating, exotic dancing & tennis","Altmann, Madeleine",,,
ref834,Simulated Worlds: A Collection of Multimedia Short Stories about the Near Future,1993,Box,Computer disks / tapes (1993-ref834),1.0 object,"One SyQuest 5.25"" cartridge in original plastic box",Cartridge label,Set monitor to 256 colors,"Weeramantry, Iromie",,,
ref836,Theo Designers,1994,Box,Computer disks / tapes (1994-ref836),1.0 object,"One SyQuest 5.25"" cartridge in original plastic box",Cartridge label,16 Bit (Thousands) Color Required,"Stephens-Prince, Jeffrey","Berman, Hod","Meehan, Patrick","Glassman, Heath; Markowitz, Gary"
ref838,The Introductory Show and Tell Tutorial of HyperCard,1991,Box,Computer disks / tapes (1991-ref838),1.0 object,"One SyQuest 5.25"" cartridge in original plastic box",,,"Weiss, Bill",,,
ref840,Cross-Platform Multimedia,1992,Box,Computer disks / tapes (1992-ref840),8.0 object,8 3.5” floppy disks,Disk labels,"4 IBM version disks, 4 Macintosh versions","Heller, Justin",,,
ref842,ATB A Telecommunications Brief,1994,Box,Computer disks / tapes (1994-ref842),3.0 object,3 3.5” floppy disks,Disk labels,"Disk 1: Personal Communications Service, Disk 2: Personal Communications Service, Disk 3: Signaling System 7","Canario, A.L.",,,
ref844,Ryder Off-Line Scheduling Sheet,1995,Box,Computer disks / tapes (1995-ref844),1.0 object,One 3.5” floppy disk,Disk label,IBM Excel,"Ryder, Lorraine",,,
ref846,FriendlySpaces : java application,1999,Box,Computer disks / tapes (1999-ref846),2.0 object,Two 3.5” floppy disks,Disk label,"Includes: Java Application, Source Code. To view FriendlySpaces demo, please first start the server by typing java FriendlySpaceServer on a command line. Then start the client by typing java Start. Please do not change the file structure","Vasilyev, Jenny",,,
ref848,Escape from Cadaver Cavern,1999,Box,Computer disks / tapes (1999-ref848),1.0 object,One 3.5” floppy disk,,,"Sprafka, Craig",,,
ref850,Shopmart.com,1996,Box,Computer disks / tapes (1996-ref850),1.0 object,One 3.5” floppy disk,Disk label,PC Disk,"Miller, David",,,
ref852,Random Abstract: New Plastic Multimedia,1996,Box,Computer disks / tapes (1996-ref852),1.0 object,One 3.5” floppy disk,Disk labels,for Macintosh,"Walker, Kevin",,,
ref854,The Jungle Mapper,1996,Box,Computer disks / tapes (1996-ref854),1.0 object,Two 3.5” floppy disk,Disk labels,"Disk 1: PPC, Disk 2: 68xxxk Mac Version","Stuart, Hunt",,,
ref856,A Simple Model for Objects' Motion Recognition in Digital Video,1995,Box,Computer disks / tapes (1995-ref856),1.0 object,One 3.5” floppy disk,,,"Lin, Hui-Hsiu",,,
ref858,Subway Guide to New York Sites,1991,Box,Computer disks / tapes (1991-ref858),1.0 object,One 3.5” floppy disk,Disk label,"Requires at least 8 mb of RAM, Set Up: video disk player, monitor, 2 speakers. Warning this is a high density disk","Lee, Georgina",,,
ref860,The Wobbler!,1997,Box,Computer disks / tapes (1997-ref860),1.0 object,One 3.5” floppy disk,Disk label,run “wobbler.htm” in a web browser,"Dixon, Dierdre ",,,
ref862,A Templating System for the Design of Interfaces in an HTML Environment,1998,Box,Computer disks / tapes (1998-ref862),1.0 object,One 3.5” floppy disk,,,"Fabricant, Robert",,,
ref864,HandyMan Good Measures!,1996,Box,Computer disks / tapes (1996-ref864),1.0 object,One 3.5” floppy disk,,,"Rozin, Daniel",,,
ref566,Didjilution,1994,Box,Computer disks / tapes (1994-ref566),1.0 object,One casset tape,,,"Cheevers, Paul",,,
ref568,Africa Project,1993,Box,Moving Images (1993-ref568),1.0 object,One Hi-8 video cassette,,,"Machipisa, Angelo",,,
ref570,Rakugo: Japanese Traditional Storytelling,1992,Box,Moving Images (1992-ref570),1.0 object,One Hi-8 video cassette,,,"Kanako, Kijima",,,
ref572,Image Portfolio,1996,Box,Moving Images (1996-ref572),1.0 object,One Hi-8 video cassette,,,"Un, Sue",,,
ref574,Untitled Thesis (Enright Tingey),1992,Box,Moving Images (1992-ref574),1.0 object,One Hi-8 video cassette,,,"Tingey, Enright",,,
ref576,Untitled Thesis (Stacy Seecharan & Pat OHara),1996,Box,Moving Images (1996-ref576),1.0 object,One Hi-8 video cassette,,,"Seecharan, Stacy","Ohara, Pat",,
ref578,Compu Commercial,1991,Box,Moving Images (1991-ref578),1.0 object,One Hi-8 video cassette,,,"Jang , Seong-Ho",,,
ref580,Multimedia Network Stack,1993,Box,Moving Images (1993-ref580),1.0 object,One Hi-8 video cassette,,,"Watson, Kenmore",,,
ref582,Theo Designers,1996,Box,Moving Images (1996-ref582),1.0 object,One Hi-8 video cassette,,,"Berman, Hod","Meehan, Patrick","Glassman, Heath","Stephens-Prince, Jeffrey"
ref584,Practical Telecommunication : an Interactive Learning Program,1995,Box,Moving Images (1995-ref584),1.0 object,One Hi-8 video cassette,,,"Sickles, Dawn",,,
ref586,The BOBST Interactive Guide,1996,Box,Moving Images (1996-ref586),1.0 object,One Hi-8 video cassette,,,"Tammel, Donald",,,
ref588,Interactive Program for The Museum of Shadow Puppets,1992,Box,Moving Images (1992-ref588),1.0 object,One Hi-8 video cassette,,,"Chiang , I-Chen",,,
ref590,Untitled Thesis (Lee Swearinger),1992,Box,Moving Images (1992-ref590),1.0 object,One Hi-8 video cassette,,,"Swearinger, Lee",,,
ref592,The Interactive Image Consultant Project,1994,Box,Moving Images (1994-ref592),1.0 object,One Hi-8 video cassette,,,"Taylor, Sharon",,,
ref594,Whose Choice?,2005,Box,Moving Images (2005-ref594),1.0 object,One miniDV video cassette,Jacket Label / Spine Label,Morocco (1:37 - Mom Final) Rebirth (1:11 - Mom Week2) Whose Choice? (11:37 - Thesis) / Anne Clark Screening 04/02,"Clark, Anne",,,
ref 596,Shadi : diary of a south-asian american wedding,1998,Box,Computer disks / tapes (1998-ref596),1.0 object,"One Zip disk, two spiral bound books",,,"Ghazi-Ameen, Saba",,,
ref1000,Discovering Chinese Opera,1991,Box,Moving Images (1991-ref1000),1.0 object,One Hi-8 video cassette,On cassette; Case sleeve,"On cassette: Win-Chi Cheng 1991 Final Production Thesis; On Sleeve: ""[same]""","Cheng, Wen-Chi",,,
ref1002,Listening Video and Watching Audio,2000,Box,Moving Images (2000-ref1002),1.0 object,One MiniDV,On DV; Case sleeve,"On DV: 'Mazurkas' @ Eunjung Kwon.2000;  On sleeve: Program: title running time; Mazurkas (4min 10sec); Complexity (4min 20sec); Gazing (2min 54sec); c. video by Eunjung Kwon. 2000, Performed by Sumi Kwon","Kwon, Eunjung",,,
ref1004,Who is Bettie Page?,1997,Box,Moving Images (1997-ref1004),1.0 object,One Hi-8 video cassette,On cassette; Case exterior,"On cassette: ""Who is Bettie Page?""; c. 1997 Julie Threlkeld; 914-771-9392; julie@designcode.com; On case: ""Who is Bettie Page?""; Masters Thesis Documentation; Hi-8 (approx. 10 minutes); c. 1997 Julie Threlkeld; Interactive Telecommunications Program; Tisch School of the Arts; New York University; Spring 1997; The author kindly requests that you refrain from distributing, copying, or publicly displaying the enclosed print and video materials without prior permission.; voice: 914.771.9392; email: julie@designcode.com","Threlkeld, Julie",,,
ref1006,eballgogogo,2005,Box,Moving Images (2005-ref1006),1.0 object,One MiniDV,On cassette; Case sleeve,Chiao-Chun Su,"Su, Chiao-Chun",,,
,,,,,,,,,,,,
ref2500,ITP Thesis Presentations 2006,2006,Box,Moving Images (2006-ref1500),34 objects,34 MiniDVs,,,,,,
ref2502,ITP Winter Show 2005,2005,Box,Moving Images (2005-ref1502),6.0 objects,Six MiniDVs,,,,,,
ref2504,ITP Spring Show 2006,2006,Box,Moving Images (2006-ref1504),3.0 objects,Three MiniDVs,,,,,,
ref2506,ITP Thesis Presentations 2007,2007,Box,Moving Images (2007-ref1506),14.0 objects,14 MiniDVs,,,,,,
ref2508,ITP Thesis Presentations 2005,2005,Box,Moving Images (2005-ref1508),34 objects,34 MiniDVs,,,,,,
ref2510,ITP Thesis Presentations 2004,2004,Box,Moving Images(2004-ref1510),3 objects,3 DVD-R disks,,,,,,
,,,,,,,,,,,,
ref1512,ITP Thesis Presentations 1994,1994,Box,Moving Images(1994-ref1512),2 objects,"2 3/4"" UMatic tape cassettes",,,,,,